Latitude,Longitude ,Address,Type,Name,Link,Paragraph text,Photograph,Status,Units,Market Rate,Affordable,Rent,Own,Parking,Stories,Height (ft),Notes
42.29106,-71.07771,25 New England Avenue,Construction Project,,,,,Board Approved,23,,23,23,,12,4,42,
42.28122,-71.08494,872 Morton Street,Construction Project,Morton Station Village,,,,Board Approved,40,,,31,9,30,4,54,
42.28871,-71.09038,1047-1051 Blue Hill Avenue,Construction Project,Brookview House II,,,,Under Construction,16,,16,16,,,,,Extremely low income
42.28836,-71.09184,35 Hansborough Street,Construction Project,Brookview House III,,,,Construction Complete,12,,12,12,,2,,,Extremely low income
42.27323,-71.06967,1120-1132 Washington Street,Construction Project,,,,,Under Review,57,50,7,TBD,TBD,94,4,40,
42.28349,-71.09193,1199-1203 Blue Hill Avenue,Construction Project,,,,,Under Review,32,28,4,32,,32,5,58,
42.27117,-71.07777,150 River Street,Construction Project,,,,,Board Approved,30,,30,30,,12,3,42,Elderly affordable
42.26929,-71.09084,422 River Street,Construction Project,,http://www.bostonplans.org/projects/development-projects/422-river-street,Proposal calls for 27 rental units and off-street parking for 22 vehicles.,https://photos.zillowstatic.com/fp/b8ed8a9e019a8e84cc73788096ce1e45-cc_ft_384.jpg,Construction Complete,27,23,4,27,,22,4,,
42.26787,-71.0929,500 River Street,Construction Project,Mattapan Station,https://mattapanstation.org/,"The proposed program for this $57 Million project involves the construction of 135 units of mixed-income rental apartment housing in Building 1, along with 10,000 square feet of commercial/retail space, and a 2,000 square foot community room on the ground floor. The development program also includes the future construction of a second building comprised of 9 homeownership units. In total, the proposed Project comprises 165,750 gross square feet (inclusive of residential floors.) This innovative transit-oriented development project will provide critically needed affordable and market-rate housing in the Mattapan community. Just as importantly, residents of the complex will have a variety of transportation options, including public trainsit, ride-share, and bike-share, along with direct access to the Neponset River Greenway, which will substantially enhance their quality of life with the provision of passive and active recreational opportunities.",http://mattapanstation.org/wp-content/uploads/2018/07/Mattapan-Rendering-2.png,Board Approved,144,76,68,135,9,70,4,44,POAH/Nuestra Comunidad
42.2707,-71.09615,30-32 Regis Road,Construction Project,Cote Village,http://www.bostonplans.org/projects/development-projects/cote-village,"Construct 76 units with rental office and community room, 4,172 SF of ground-floor commercial space, including a 12,000 SF public plaza with a total of 84 parking spaces.",http://www.bostonplans.org/getattachment/bf888999-b46f-4999-8100-815c02a2b328/,Board Approved,76,8,68,,,84,,,Caribbean Integration CDC/POAH
42.28049,-71.09297,1297-1305 Blue Hill Ave.,Construction Project,Wellington at 1301,http://www.bostonplans.org/projects/development-projects/wellington-at-1301,"Proposed: the construction of a new five (5)-story, mixed-use building comprised of thirty-nine (39) residential units, a residential lobby, and three (3) ground-floor retail/commercial spaces. Interior, at-grade parking for forty (40) vehicles is provided via access from Blue Hill Avenue, with forty (40) secure bicycle storage spaces also available in the garage area. The Proposed Project totals approximately 42,595 gross square feet.",http://www.bostonplans.org/getattachment/cd620270-0104-4a40-a381-1a736eeaa8cb/,Board Approved,39,34,5,,,40,5,61.5,
42.28331,-71.08936,767-771 Morton Street,Construction Project,775 Morton Street,http://www.bostonplans.org/projects/development-projects/775-morton-street,"A proposed project that consists of a new four (4)‚Äêstory, 27-unit, rental residential building (including 4 income restricted units), with off-street parking for 29 total vehicles.",http://www.bostonplans.org/getattachment/35dc749b-5d62-4b5f-af2b-85478dc1ac91/,Board Approved,27,23,4,27,,29,4,44,
42.28757,-71.09425,591 Morton Street,Construction Project,Olmsted Green Phase III,https://www.olmstedgreen.com/olmsted-green-overview,"Olmsted Green is a 42 Acre Community
The Development Timeline is a Long Term, Phased development residential development community transforming former Boston State Hospital site into vibrant mixed-income community
298 Apartment Homes for Rent
140 Condominium Homes for Purchase
3,000 Square Foot Community Center with Indoor & Outdoor Amenities
Over 15 acres of Planned Greenspace, Walking Paths and Landscaped Grounds
",https://bdthumbs.s3.amazonaws.com/2000/2000/aHR0cHM6Ly9zMy5hbWF6b25hd3MuY29tL2J1aWxkZXJjbG91ZC8yMmQ1NDVjZDk3MmI5MzAzMmU0ZTk1ODIxNjY1NDA4Ny5qcGVn,Construction Complete,268,,,147,268,,,,New Boston Fund / Lena Park CDC
42.27382,-71.09385,1471 Blue Hill Avenue,Construction Project,,https://www.ttarch.com/1471-blue-hill-ave,"This mixed use development located along the MBTA commuter line at Blue Hill Avenue Station is proposing 34 residential units in addition to 2,500 square feet of ground level commericial space in Mattapan, MA. The growing area and popular intersection along Blue Hill Avenue contains a diversity of uses and demographics. The projects helps bridge the architectural language of the area while providing much needed housing and commercial space. The building itself creates a social urban space at the streetcorner while residential units clad in a variety of metal, wood and brick help merge the new construction into the exisitng residential fabric.",https://images.squarespace-cdn.com/content/v1/575043a837013b36d8765a0c/1608329320842-3FJH2LB8S7GDVKDIC9RJ/ke17ZwdGBToddI8pDm48kEz5uBchvFQ1PMSvslJaWpB7gQa3H78H3Y0txjaiv_0fDoOvxcdMmMKkDsyUqMSsMWxHk725yiiHCCLfrh8O1z4YTzHvnKhyp6Da-NYroOW3ZGjoBKy3azqku80C789l0mhydAgiKdIfeAoxVgE7c7qdzhpzVJ1JgPTzuqhqbnJc8mz8kfZFDv1ovNqNLEdbOg/TTArch_1471Hero_003_web.jpg?format=750w,Not Submitted,34,30,4,34,,28,4,,can't find on bpda
,,,,,,,,,,,,,,,,,
,,,,,,,,,,,,,,,,,
https://drive.google.com/file/d/1PR9cn6Ye-NNPobmY_7giuokgAf8IShN4/view?usp=sharing,,,,,,,,,,,,,,,,,